<?xml version="1.0" encoding="utf-8"?>
<TextureAtlas imagePath="Playable480.png">
	<!-- Created using the Spritesheet and XML generator -->
	<!-- https://uncertainprod.github.io/FNF-Spritesheet-XML-generator-Web -->
	<SubTexture name="idle0000" x="1598" y="660" width="200" height="334" frameX="-83" frameY="-6" frameWidth="347" frameHeight="347"/>
	<SubTexture name="idle0001" x="530" y="326" width="204" height="321" frameX="-96" frameY="-20" frameWidth="347" frameHeight="347"/>
	<SubTexture name="idle0002" x="205" y="976" width="203" height="326" frameX="-92" frameY="-15" frameWidth="347" frameHeight="347"/>
	<SubTexture name="idle0003" x="0" y="976" width="205" height="329" frameX="-86" frameY="-12" frameWidth="347" frameHeight="347"/>
	<SubTexture name="idle0004" x="1396" y="0" width="202" height="332" frameX="-85" frameY="-9" frameWidth="347" frameHeight="347"/>
	<SubTexture name="left0000" x="1396" y="666" width="197" height="337" frameX="-81" frameY="-4" frameWidth="347" frameHeight="347"/>
	<SubTexture name="left0001" x="197" y="1305" width="197" height="330" frameX="-79" frameY="-12" frameWidth="347" frameHeight="347"/>
	<SubTexture name="down0000" x="1185" y="0" width="211" height="326" frameX="-84" frameY="-16" frameWidth="347" frameHeight="347"/>
	<SubTexture name="down0001" x="1598" y="0" width="203" height="330" frameX="-87" frameY="-10" frameWidth="347" frameHeight="347"/>
	<SubTexture name="up0000" x="753" y="0" width="216" height="334" frameX="-68" frameY="-6" frameWidth="347" frameHeight="347"/>
	<SubTexture name="up0001" x="0" y="648" width="213" height="328" frameX="-70" frameY="-12" frameWidth="347" frameHeight="347"/>
	<SubTexture name="right0000" x="530" y="0" width="223" height="326" frameX="-78" frameY="-16" frameWidth="347" frameHeight="347"/>
	<SubTexture name="right0001" x="213" y="648" width="212" height="325" frameX="-79" frameY="-17" frameWidth="347" frameHeight="347"/>
	<SubTexture name="leftmiss0000" x="1396" y="666" width="197" height="337" frameX="-81" frameY="-4" frameWidth="347" frameHeight="347"/>
	<SubTexture name="leftmiss0001" x="0" y="1305" width="197" height="337" frameX="-81" frameY="-4" frameWidth="347" frameHeight="347"/>
	<SubTexture name="downmiss0000" x="1598" y="0" width="203" height="330" frameX="-87" frameY="-10" frameWidth="347" frameHeight="347"/>
	<SubTexture name="downmiss0001" x="1598" y="330" width="203" height="330" frameX="-87" frameY="-10" frameWidth="347" frameHeight="347"/>
	<SubTexture name="upmiss0000" x="0" y="648" width="213" height="328" frameX="-70" frameY="-12" frameWidth="347" frameHeight="347"/>
	<SubTexture name="upmiss0001" x="969" y="0" width="216" height="334" frameX="-68" frameY="-6" frameWidth="347" frameHeight="347"/>
	<SubTexture name="rightmiss0000" x="530" y="0" width="223" height="326" frameX="-78" frameY="-16" frameWidth="347" frameHeight="347"/>
	<SubTexture name="rightmiss0001" x="296" y="315" width="223" height="326" frameX="-78" frameY="-16" frameWidth="347" frameHeight="347"/>
	<SubTexture name="preattack0000" x="1185" y="326" width="203" height="334" frameX="-83" frameY="-6" frameWidth="347" frameHeight="347"/>
	<SubTexture name="attack0000" x="0" y="314" width="251" height="334" frameX="-83" frameY="-6" frameWidth="347" frameHeight="347"/>
	<SubTexture name="dodge0000" x="0" y="0" width="296" height="314" frameX="-31" frameY="-26" frameWidth="347" frameHeight="347"/>
	<SubTexture name="hit0000" x="296" y="0" width="234" height="315" frameX="-24" frameY="-25" frameWidth="347" frameHeight="347"/>
	<SubTexture name="thunder0000" x="1396" y="332" width="200" height="334" frameX="-83" frameY="-6" frameWidth="347" frameHeight="347"/>
</TextureAtlas>