{
	"animations": [
		{
			"offsets": [0, 0],
			"indices": [],
			"fps": 24,
			"anim": "idle",
			"loop": false,
			"name": "idle000"
		},
		{
			"offsets": [20, 0],
			"indices": [],
			"fps": 24,
			"anim": "singLEFT",
			"loop": false,
			"name": "right000"
		},
		{
			"offsets": [-30, 0],
			"indices": [],
			"fps": 24,
			"anim": "singDOWN",
			"loop": false,
			"name": "down000"
		},
		{
			"offsets": [0, 0],
			"indices": [],
			"fps": 24,
			"anim": "singUP",
			"loop": false,
			"name": "up000"
		},
		{
			"offsets": [-28, 0],
			"indices": [],
			"fps": 24,
			"anim": "singRIGHT",
			"loop": false,
			"name": "left00"
		},
		{
			"offsets": [20, 0],
			"indices": [],
			"fps": 24,
			"anim": "singLEFTmiss",
			"loop": false,
			"name": "rightmiss00"
		},
		{
			"offsets": [-30, 0],
			"indices": [],
			"fps": 24,
			"anim": "singDOWNmiss",
			"loop": false,
			"name": "downmiss000"
		},
		{
			"offsets": [0, 0],
			"indices": [],
			"fps": 24,
			"anim": "singUPmiss",
			"loop": false,
			"name": "upmiss000"
		},
		{
			"offsets": [-28, 0],
			"indices": [],
			"fps": 24,
			"anim": "singRIGHTmiss",
			"loop": false,
			"name": "leftmiss000"
		},
		{
			"offsets": [0, 0],
			"indices": [],
			"fps": 24,
			"anim": "hey",
			"loop": false,
			"name": "thunder"
		},
		{
			"offsets": [10, 0],
			"indices": [],
			"fps": 24,
			"anim": "hurt",
			"loop": false,
			"name": "hit000"
		},
		{
			"offsets": [0, 0],
			"indices": [],
			"fps": 24,
			"anim": "scared",
			"loop": true,
			"name": "thunder000"
		},
		{
			"offsets": [0, 0],
			"indices": [],
			"fps": 24,
			"anim": "dodge",
			"loop": false,
			"name": "dodge000"
		},
		{
			"offsets": [0, 0],
			"indices": [],
			"fps": 24,
			"anim": "attack",
			"loop": false,
			"name": "attack000"
		},
		{
			"offsets": [0, 0],
			"indices": [],
			"fps": 24,
			"anim": "pre-attack",
			"loop": false,
			"name": "preattack00"
		}
	],
	"vocals_file": "",
	"no_antialiasing": false,
	"image": "characters/Playable480",
	"position": [60, 260],
	"healthicon": "480",
	"flip_x": false,
	"healthbar_colors": [0, 26, 255],
	"camera_position": [0, 0],
	"sing_duration": 4,
	"scale": 2,
	"_editor_isPlayer": true
}