{
	"animations": [
		{
			"loop": false,
			"offsets": [0, 0],
			"anim": "idle",
			"fps": 24,
			"name": "idle000",
			"indices": []
		},
		{
			"loop": false,
			"offsets": [20, 0],
			"anim": "singLEFT",
			"fps": 24,
			"name": "right000",
			"indices": []
		},
		{
			"loop": false,
			"offsets": [-30, 0],
			"anim": "singDOWN",
			"fps": 24,
			"name": "down000",
			"indices": []
		},
		{
			"loop": false,
			"offsets": [0, 0],
			"anim": "singUP",
			"fps": 24,
			"name": "up000",
			"indices": []
		},
		{
			"loop": false,
			"offsets": [-28, 0],
			"anim": "singRIGHT",
			"fps": 24,
			"name": "left00",
			"indices": []
		},
		{
			"loop": false,
			"offsets": [20, 0],
			"anim": "singLEFTmiss",
			"fps": 24,
			"name": "rightmiss00",
			"indices": []
		},
		{
			"loop": false,
			"offsets": [-30, 0],
			"anim": "singDOWNmiss",
			"fps": 24,
			"name": "downmiss000",
			"indices": []
		},
		{
			"loop": false,
			"offsets": [0, 0],
			"anim": "singUPmiss",
			"fps": 24,
			"name": "upmiss000",
			"indices": []
		},
		{
			"loop": false,
			"offsets": [-28, 0],
			"anim": "singRIGHTmiss",
			"fps": 24,
			"name": "leftmiss000",
			"indices": []
		},
		{
			"loop": false,
			"offsets": [0, 0],
			"anim": "hey",
			"fps": 24,
			"name": "thunder",
			"indices": []
		},
		{
			"loop": false,
			"offsets": [10, 0],
			"anim": "hurt",
			"fps": 24,
			"name": "hit000",
			"indices": []
		},
		{
			"loop": true,
			"offsets": [0, 0],
			"anim": "scared",
			"fps": 24,
			"name": "thunder000",
			"indices": []
		},
		{
			"loop": false,
			"offsets": [0, 0],
			"anim": "dodge",
			"fps": 24,
			"name": "dodge000",
			"indices": []
		},
		{
			"loop": false,
			"offsets": [0, 0],
			"anim": "attack",
			"fps": 24,
			"name": "attack000",
			"indices": []
		},
		{
			"loop": false,
			"offsets": [0, 0],
			"anim": "pre-attack",
			"fps": 24,
			"name": "preattack00",
			"indices": []
		}
	],
	"vocals_file": "",
	"no_antialiasing": false,
	"image": "characters/Playable480",
	"position": [60, 260],
	"healthicon": "480",
	"flip_x": false,
	"healthbar_colors": [0, 26, 255],
	"camera_position": [320, -200],
	"sing_duration": 4,
	"scale": 2,
	"_editor_isPlayer": true
}